State,LargestPovertyRate,LowestProvetyRate,,
Mississippi,0.197799996,,,
Louisiana,0.188800007,,,
New Mexico,0.185900003,,,
West Virginia,0.176599994,,,
Kentucky,0.166500002,,,
,,,,
,,,,
,,,,
,,,,
,,,,
,,,,
,,,,
,,Mississippi,19.31999969,0.197799996
,,West Virginia,21.02000046,0.176599994
,,Louisiana,22.56999969,0.188800007
,,Arkansas,27.89999962,0.163100004
,,Alabama,30.22999954,0.160799995
